id,text,createdAt
2051961195423228186,@Nirel01 Stolen post,Wed May 06 09:44:07 +0000 2026
2051905491152875687,RT @MrDolayemi: I’ve watched over 200 Arsenal videos on TikTok tonight, read over 300 tweets, and I still can’t stop or even sleep… I’m way…,Wed May 06 06:02:46 +0000 2026
2051793545376252215,RT @DailyAFC: 🗣️ Thierry Henry to Bukayo Saka: “I wish you all the best. We couldn’t do it, and I hope you will be able to. If you guys do…,Tue May 05 22:37:56 +0000 2026
2051793479315992727,RT @WelBeast: All I can say is that thank you Mikel Arteta for making me dream. Last season was the quarter final, this season was the semi…,Tue May 05 22:37:40 +0000 2026
2051788720525742457,RT @Abdull_tjay: Saturday—beat Fulham 
Monday—City drop points to Everton
Tuesday—Qualify for UCL final
Happiest 4 days of my life.,Tue May 05 22:18:46 +0000 2026
2051787366419894750,RT @cmbftbl: Our boy taking us to the final ❤️ https://t.co/A0EdkqPbgM,Tue May 05 22:13:23 +0000 2026
2051786970104250415,RT @BukayoSaka87: You deserve more Arsenal fans 💔 https://t.co/oWrcjchIZd,Tue May 05 22:11:48 +0000 2026
2051779611759964464,RT @Frimpon: No Words. https://t.co/OzSpfCSLjw,Tue May 05 21:42:34 +0000 2026
2051777816782332120,RT @selormafc: I’m in tears man! 😭❤️ https://t.co/BF29bPZyOo,Tue May 05 21:35:26 +0000 2026
2050277170635780337,@MrBeast `,Fri May 01 18:12:24 +0000 2026
2050275574438867142,@MrBeast .,Fri May 01 18:06:03 +0000 2026
2048009900198965603,By this time next year, i’ll be in a far better place than i am right now. https://t.co/X1rUcXAOqY,Sat Apr 25 12:03:05 +0000 2026
2037801280043647204,God please put me on https://t.co/Iw8z89mF2D,Sat Mar 28 07:57:40 +0000 2026
2029089638577574287,RT @Wizarab10: For a long time, I found it hard spending my own money on myself. Frankly, it is still a struggle. I find more pleasure spen…,Wed Mar 04 07:00:43 +0000 2026
2027829395189006575,RT @Fimiye: Men who fancy bwess over ynash. Retweet this.,Sat Feb 28 19:32:57 +0000 2026
2025987771794362742,@Owishemwe Attacks from neighbouring villages,Mon Feb 23 17:35:00 +0000 2026
2024782150533304763,This week, I’ve found myself spending more time on @Substack, and I genuinely love it.
It feels quiet there,thoughtful. Unrushed.
It’s not loud like Instagram.
It’s not performative like Twitter.
It feels like sitting with someone’s mind instead of watching them perform.,Fri Feb 20 09:44:17 +0000 2026
2022273722200019004,@hackSultan @RaenestApp @Upwork @dev_careers I'm interested,
Here is my GitHub:

https://t.co/d32FgyB6hZ,Fri Feb 13 11:36:42 +0000 2026
2021918077814968489,RT @omgsidewalks: let a man talk about himself to a woman uninterrupted for 10 minutes and he'll be like "wow i really like you",Thu Feb 12 12:03:29 +0000 2026
2019768517105528963,📌📌 https://t.co/jUwp2rIUw6,Fri Feb 06 13:41:54 +0000 2026
2019074248870875475,God 😌😌😌
Imagine the scene when we get confirmed as Premier League winners https://t.co/ujsP7N5fAF,Wed Feb 04 15:43:08 +0000 2026
2018811342975877571,@OlisaOsega ❤️❤️❤️❤️❤️,Tue Feb 03 22:18:26 +0000 2026
2018810960388235530,RT @WelBeast: Don’t say anything, just RT. https://t.co/k0CqnGEyqP,Tue Feb 03 22:16:55 +0000 2026
2018451670364041566,@Okori13Okorie Looks clean,Mon Feb 02 22:29:13 +0000 2026
2018451525451055116,@I_Am_David366 😂😂😂,Mon Feb 02 22:28:39 +0000 2026
2018450493107036190,@realmakay_ray 👍👍,Mon Feb 02 22:24:33 +0000 2026
2018430427694838098,@_sweetsell @ForsayEN @Notes_SocialFi Happy new month,Mon Feb 02 21:04:49 +0000 2026
2018259689369161995,@KawasakiPrimus Done boss,Mon Feb 02 09:46:22 +0000 2026
2018255297555403260,@the_Lawrenz ❌,Mon Feb 02 09:28:54 +0000 2026
2017726602159727012,Like you guys have a choice https://t.co/57PAHiLfcB,Sat Jan 31 22:28:04 +0000 2026
2017167805183939061,I’ve been making myself small so I don’t have to be seen,and now I’m realizing that being unseen has consequences.,Fri Jan 30 09:27:36 +0000 2026
2017152201513209911,@Andela @grok so wat does a kubernetes cloud native associate do ??,Fri Jan 30 08:25:36 +0000 2026
2016986789852963118,We pick up pieces of people we love without realizing it. 
A gesture. A habit. A thought.
Suddenly, it’s yours too.
Which piece of someone else do you carry with you?,Thu Jan 29 21:28:19 +0000 2026
2016743361902752038,@bernardooooV3 @grok which teams do you think arsenal will face in the round of 16 and QF,Thu Jan 29 05:21:01 +0000 2026
2016655852145385476,@Veeqlis1 @grok @latestransfers6 @afcstuff @grok ans,Wed Jan 28 23:33:17 +0000 2026
2016620585090973836,@I_Am_David366 @GoatFunded Good luck bro,Wed Jan 28 21:13:09 +0000 2026
2016603570527785260,Na  once arsenal cut m, nor reach 2 mins https://t.co/O2p7xHHeTf,Wed Jan 28 20:05:32 +0000 2026
2015847267786170384,RT @GiftedAsia: Articulating yourself exactly the way you meant to is so satisfying,Mon Jan 26 18:00:15 +0000 2026
2015698003323990029,What’s something you stopped doing that improved your life way more than expected?,Mon Jan 26 08:07:08 +0000 2026
1692977784493310319,@BrodaRemi Na mistake I take type am , nor vex,Sat Aug 19 19:12:12 +0000 2023
1692969338972537123,@BrodaRemi
Thanks for being not just a friend but a brother to me . . I really appreciate you 

#AquafinaPadiOfLife,Sat Aug 19 18:38:38 +0000 2023
1688818875662524416,@theARYA00 @BlueGuardiancom @BaintzCEO weekly payouts would give traders more frequent access to their money and could help them better manage their finances, but at the same time this put a strain on the company's financial and also add more administrative burden 
@BrodaRemi  @AdeJeremiah,Tue Aug 08 07:46:11 +0000 2023
1688817516661833728,RT @theARYA00: 3X $10K new week GIVEAWAY with @BlueGuardiancom 

Would you like @BlueGuardiancom to implement weekly payouts or maintain th…,Tue Aug 08 07:40:47 +0000 2023
1684689323751276545,@theARYA00 @myflashfunding @blakemyff @BrodaRemi  @AdeJeremiahAyo @MysPheet,Thu Jul 27 22:16:49 +0000 2023
1683890264593641491,@hackSultan Field - frontend developer
LinkedIn url- https://t.co/CTdrKHnshA
Country - Nigeria,Tue Jul 25 17:21:38 +0000 2023
1678160210773307393,@AdemoyeJohn @bettyalagwu 07057746287 glo,Sun Jul 09 21:52:27 +0000 2023
1675435753419993090,@theARYA00 Both helps us to become better thinkers tho, book gives us knowledge to think about things in  a new way tho , den life experience allow us to apply that knowledge and see how it works,Sun Jul 02 09:26:26 +0000 2023
1675221899024973824,@AdeJeremiahAyo  @BrodaRemi https://t.co/xuqDxTIePZ,Sat Jul 01 19:16:39 +0000 2023
1656731068165128215,@iamdakejr I'm in,Thu May 11 18:40:41 +0000 2023
1656407574802046976,@Zayyad_a_yaxeed @50 This is my own nysc@50 https://t.co/QsGuOxre7u,Wed May 10 21:15:15 +0000 2023
1653683548744822784,@codingossy Playing football,Wed May 03 08:50:56 +0000 2023
1640279995871293441,@codingossy Hi Chief 
I tried doing something like this for an ecommerce website 
But it wasn't generating any link of images 
How were you able to do it ????,Mon Mar 27 09:10:00 +0000 2023
1638301680293879810,RT @hackSultan: Techiesssss Assembleeeeeeeeeeee. 

Don’t say much, just RT to mark attendance. 🚀,Tue Mar 21 22:08:53 +0000 2023
1633602383979610115,RT @hackSultan: If you’re awake.

Techiesssss assembleeeeeeee.  

RT to mark attendance.,Wed Mar 08 22:55:33 +0000 2023
1633059081526075392,@LilAdonise use this in your terminal
npx kill-port 3000,Tue Mar 07 10:56:40 +0000 2023
1633057845921939456,@opensaucerer thanks for sharing this,Tue Mar 07 10:51:45 +0000 2023
1632794953418956801,@codingossy Interested,Mon Mar 06 17:27:07 +0000 2023
1628143717197533184,@themystic974 @DevTobs I'm interested,Tue Feb 21 21:24:46 +0000 2023
1603429937855320070,RT @mujeeb0147: Killer Background Generators👇,Thu Dec 15 16:41:02 +0000 2022
1581383750960574464,@AdeJeremiahAyo @GroveToken @HuobiGlobal @JohnGh87 @CarloDCGT @BrodaRemi @MomohVictory @AganamaChijindu @victore00409636 Thunder,Sat Oct 15 20:37:21 +0000 2022
1568720376158474242,@madzadev Dark mode all the way,Sat Sep 10 21:57:37 +0000 2022
1552051111518928896,RT @IAmSteveHarvey: The reason some people aren't getting what they want in life is 'cause they ain't even grateful for what they have. If…,Tue Jul 26 21:59:55 +0000 2022
1552049004258754560,RT @wealth_director: Be consistent for 1 year and you'll achieve your wildest dreams.,Tue Jul 26 21:51:32 +0000 2022
1549522676888240128,@Haezurath I am interested,Tue Jul 19 22:32:49 +0000 2022
1516709943675609088,To improve on my javascript journey, i have decided to participate in the #dev30 challenge

for the next 30days I'll be documenting my journey through JavaScript along with the other fine folks in #dev30! follow along,Wed Apr 20 09:26:44 +0000 2022
1505447449904701446,@David_pattt @Fortwin___ The biggest possible number is 999 which can be achieved by moving two match sticks in the second ND third digit,Sun Mar 20 07:33:36 +0000 2022
1505443924487413760,RT @DREW_certified: You can’t make connections or ask for help. You attempt to figure out everything on your own, till you get that big bre…,Sun Mar 20 07:19:36 +0000 2022
1501839995941892097,@PromisePreston Happy birthday bro,Thu Mar 10 08:38:52 +0000 2022
1500939158352707585,You are going to get it, Riches. You re so good already.
You are so close.
Just keep trying.,Mon Mar 07 20:59:16 +0000 2022
1500484350005153792,Always trust the process.. https://t.co/HWJjOxFQb9,Sun Mar 06 14:52:01 +0000 2022
1499154815833759752,@Jocinell1 Lichess or https://t.co/CNT8B3P40r?,Wed Mar 02 22:48:55 +0000 2022
1499145237838671872,@Jocinell1 So are up for a game ??,Wed Mar 02 22:10:52 +0000 2022
1499144962558119937,@Jocinell1 Ya,Wed Mar 02 22:09:46 +0000 2022
1499142498958069768,@Jocinell1 Mind playing a Chess game with me,Wed Mar 02 21:59:59 +0000 2022
1498188981305061379,@MrMekzy_ I usually avoid anything that will make me  say anything,Mon Feb 28 06:51:02 +0000 2022
1498188052329635843,@Grachidex I am just being wicked,Mon Feb 28 06:47:21 +0000 2022
1497682219808215044,They say it get easier with time .

Can't wait😒😒😒 https://t.co/gcqdBmxOMh,Sat Feb 26 21:17:21 +0000 2022
1497554633040052225,@rutie_xx https://t.co/W5VQPZJ9PZ,Sat Feb 26 12:50:22 +0000 2022
1497302233746231298,@Catty_xo Any entry level role ??
Come and take a chance on me ..,Fri Feb 25 20:07:25 +0000 2022
1497297381892804616,@IkeOkosa Interested,Fri Feb 25 19:48:08 +0000 2022
1497264171586670597,@QendresaS_ Congrats,Fri Feb 25 17:36:10 +0000 2022
1492190503001071616,@TundeEddnut I seriously need a laptop..
Have been learning web development using my phone and it has not been really easy for me ...
Please
#10XThriveConference,Fri Feb 11 17:35:14 +0000 2022
1492186278766563330,@flawlessistired Ability to hold a conversation,Fri Feb 11 17:18:26 +0000 2022
1492186072507428869,@realviva__ Mathematics,Fri Feb 11 17:17:37 +0000 2022
1462438179999465483,@CardanoFork 0xd89727eede26fddb289d14aa8f47e229b8438388,Sun Nov 21 15:10:07 +0000 2021
1446229473649627143,@FehinLean I need a laptop o
To continue my ui/ux design course,Thu Oct 07 21:42:30 +0000 2021
1376290305008402435,RT @binance: 🏆 $1,000 Giveaway 🏆

To enter:
🔸 Retweet &amp; follow @binance
🔸 Join a team: https://t.co/JyaM7RhkkA
🔸 Click “Share my team”
🔸 Sh…,Sun Mar 28 21:49:13 +0000 2021
1373941924978130947,See eh, sometimes people get into relationships for reasons other than sex abeg. The soul lifting conversations,  warm hugs, good food, companionship, those little little things dey priceless abeg. Still bring the sex sha, just in case.,Mon Mar 22 10:17:36 +0000 2021
1367969804754296836,@APOSTLESULEMAN Amen,Fri Mar 05 22:46:31 +0000 2021
1366875826390712324,@APOSTLESULEMAN Amenn,Tue Mar 02 22:19:26 +0000 2021
1317980643863789568,RT @_Taaooma: We shall not be divided. Still Focused on the goal #EndPoliceBrutalityinNigera,Mon Oct 19 00:07:27 +0000 2020
2015697808821518675,Football teaches patience in a way few things do.
You can do everything right and still lose.
Life feels similar sometimes,Mon Jan 26 08:06:22 +0000 2026
2015084852291293605,Trying to get better at enjoying the process instead of rushing outcomes.
Still a work in progress.,Sat Jan 24 15:30:41 +0000 2026
2014690370987098267,Lobistars https://t.co/RAPFhMdXcr,Fri Jan 23 13:23:10 +0000 2026
2014623866870485018,@attah_akor This one enter,Fri Jan 23 08:58:54 +0000 2026
2014262647470911876,@Nsukka_okpa @richytech009,Thu Jan 22 09:03:33 +0000 2026
2014262486459933000,@Nsukka_okpa Make me una follow me ooooooooooooo
I follow back please,Thu Jan 22 09:02:54 +0000 2026
2014012860725158284,Can't hold eye contact for more than 5 secs https://t.co/hbj41o4I0P,Wed Jan 21 16:30:59 +0000 2026
2013970386514309407,@nuradeeeen https://t.co/o3VvgFfVKg,Wed Jan 21 13:42:12 +0000 2026
2013970278464815471,Unfollow me if I don't follow back in 20.s.s... https://t.co/TAkNDedAcA,Wed Jan 21 13:41:46 +0000 2026
2013969848330559771,I'm in need of 430 followers 

Comment hi... 
Please follow, I promise to follow back 🙏🙏,Wed Jan 21 13:40:04 +0000 2026
2013969374546178494,@tauro968 @AVGirl4Life Let’s connect ifb,Wed Jan 21 13:38:11 +0000 2026
2013969277754171771,@AVGirl4Life Let’s connect ifb,Wed Jan 21 13:37:48 +0000 2026
2013966691206672860,@MarkLawrence8_ @john322226 Let’s connect ifb,Wed Jan 21 13:27:31 +0000 2026
2013966617898553721,@Mcseedney @john322226 Just followed you boss,Wed Jan 21 13:27:14 +0000 2026
2013966303296389234,@john322226 Let’s connect ifb,Wed Jan 21 13:25:59 +0000 2026
2012573418269372830,@UTDKara Fb,Sat Jan 17 17:11:09 +0000 2026
2012547611060810239,https://t.co/g1tcNyewiU https://t.co/3TeXsjKXDL,Sat Jan 17 15:28:36 +0000 2026
2012513143717495275,I may not be there yet, but I'm closer than I was yesterday! https://t.co/XdxHl9JH2M,Sat Jan 17 13:11:38 +0000 2026
2012464900107374993,@nuradeeeen Follow for a quick follow back,Sat Jan 17 09:59:56 +0000 2026
2012346422469787959,@christianozoude Amen,Sat Jan 17 02:09:09 +0000 2026
2012346370254876704,RT @christianozoude: Chowdeck, PiggyVest, Risevest, cowrywise, moniepoint, Spotify, GIRAN…

I’m working with one of these some day.,Sat Jan 17 02:08:56 +0000 2026
2012345994906591407,Life just gave me a quiet wake-up call:“You’re getting too comfortable.”
Time to move again.,Sat Jan 17 02:07:27 +0000 2026
2011440399215395071,RT @wtf_rema: because you can only know how much time is left, but you can never know how much time is right.,Wed Jan 14 14:08:56 +0000 2026
2010789707882659923,RT @hackSultan: If you RT and reply “ V4 ” in the comment.  I promise to personally DM you when this hackathon goes LIVE.  

Asides the cas…,Mon Jan 12 19:03:19 +0000 2026
2010789645467213880,@hackSultan @theflutterwave V4,Mon Jan 12 19:03:04 +0000 2026
2007572021140705588,Love the chess set ♟️ https://t.co/lypcJOaveH,Sat Jan 03 21:57:23 +0000 2026
2007208297296998717,Please if you can see this tweet and you are well placed, i beg of you, connect me with updates, opportunities, gigs or any legitimate road to financial freedom. Na beg i dey beg. 🙏🏾,Fri Jan 02 21:52:04 +0000 2026
2006498633722790002,@EricNjiiru Thanks for this template,Wed Dec 31 22:52:07 +0000 2025
2006271079703273731,Me liking every post that has "new year",Wed Dec 31 07:47:54 +0000 2025
2005789887984017666,2025  taught me that humility isn’t about downplaying yourself. It’s about owning your growth, your skill, and the value you bring. And I am carrying it  into the new year.,Mon Dec 29 23:55:49 +0000 2025
2005789883831362028,That moment forced me to confront the gap between how I see myself and how others see me. I had been shrinking my impact without realizing it.,Mon Dec 29 23:55:48 +0000 2025
2005789879771517308,At one point, burnout pushed me to consider resigning. Instead of accepting it, my boss made me realise how  valuable I am to him and the team,Mon Dec 29 23:55:47 +0000 2025
2005789875795083542,Those words stayed with me this year. I realized how often I undervalue my work. What feels “basic” to me still requires critical thinking and responsibility.,Mon Dec 29 23:55:46 +0000 2025
2005789873484026088,“Next time you’re giving your updates, never use the word ‘just.’ What you did is not a small feat.”
— Words from my team lead after a weekly update.,Mon Dec 29 23:55:46 +0000 2025
2005246500046331912,RT @KaiCenat: I use to think anime was weird and think it was just a cartoon but it has helped me build way more courage than I ever had be…,Sun Dec 28 11:56:35 +0000 2025
2000289000989573592,RT @EziomaKalu: In your twenties you will feel the urge to read many books and document your journey on social media, please don’t hesitate…,Sun Dec 14 19:37:16 +0000 2025
1999780555429499150,@oluoftrades @grok,Sat Dec 13 09:56:53 +0000 2025
1985468745582854331,i just wanna win man, i see a lot of winners &amp; i wanna be one so bad . it’s all i ask tbh,Mon Nov 03 22:06:51 +0000 2025
1984196878821691755,I saw a TikTok about a girl saying how she doesn't stay mad for long because either she's going to figure it out, or there's nothing that can be done about it. And as simple as that sounds is as simple as it is really.,Fri Oct 31 09:52:55 +0000 2025
1983649803688153091,RT @caaacing__: as an avoidant, i ruin things before they can ruin me. 
i overthink, i pull away, i create distance and then i tell myself…,Wed Oct 29 21:39:02 +0000 2025
1983237080005148737,RT @BoyDeetu: I won’t marry a woman that can’t steal meat from here for me sha 😂,Tue Oct 28 18:19:01 +0000 2025
1983195964262457832,RT @Arsenal: Flow state. https://t.co/gr7IzITwpg,Tue Oct 28 15:35:38 +0000 2025
1982909398218617222,RT @babyboy_trev: my brain is programmed to make humor out of everything 😭,Mon Oct 27 20:36:55 +0000 2025
1982411917701546483,RT @fuglibetty: I think everybody should write substack personal essays. I think everybody should be self-indulgent and self-flagellating a…,Sun Oct 26 11:40:07 +0000 2025
1980360813321015604,@Elladeyforyou Amen,Mon Oct 20 19:49:45 +0000 2025
1979862836173222140,RT @layiwasabi: can’t grind all this grind make my girl no bad. she go bad like wereyy,Sun Oct 19 10:50:58 +0000 2025
1978757871895507261,To crave the result but not the process, is to guarantee disappointment",Thu Oct 16 09:40:14 +0000 2025
1978757869689356613,my favourite quote from atomic habits by James clear;
"It doesn't make sense to continue wanting something if you're not willing to do what it takes to get it.If you don't want to live the lifestyle, then release yourself from the desire.,Thu Oct 16 09:40:14 +0000 2025
1978161285918277778,@FlawlezzMyztery @Wizarab10 @grok @grok  please explain the inter-confederation play off,Tue Oct 14 18:09:37 +0000 2025
1977513441486373353,RT @5ivehagreeves: "Are we still going?".... An introverts attempt to cancel.,Sun Oct 12 23:15:19 +0000 2025
1976581891005542459,@peng_writer https://t.co/D0YDeOwIyk,Fri Oct 10 09:33:40 +0000 2025
1975878088849547393,RT @omgsidewalks: ngl when someone does something for me, i immediately start thinking of what i could do to thank them in return. I'm so a…,Wed Oct 08 10:57:01 +0000 2025
1974189361832095811,RT @bluewmist: the more you increase your emotional intelligence, the less you'll take things personally because you'll realize that most p…,Fri Oct 03 19:06:37 +0000 2025
1974032974967390554,RT @rumilyrics: Have you noticed, every time you level up, you lose something. A habit, a friendship, a version of yourself, it's not loss,…,Fri Oct 03 08:45:11 +0000 2025
1973457234186444964,RT @UnkleAyo: That a woman agrees to come to your house doesn't mean you have unchallenged access to her body.

If she says No, it is No. S…,Wed Oct 01 18:37:24 +0000 2025
1972968684353454371,RT @IndicaBadddu: Fortunately, they were right. When you surround yourself with high achieving individuals, you have no option but to catch…,Tue Sep 30 10:16:04 +0000 2025
1971913181128986934,RT @Top_GunM: I love expressive women, a lot
They gladden my heart so much, and to me, it's a sign of someone with a sound mind and clear m…,Sat Sep 27 12:21:53 +0000 2025
1967175353933435047,RT @4jibola: i don't have a five year plan because every two months, i realize i need a different life.,Sun Sep 14 10:35:27 +0000 2025
1965802893849862384,RT @oluoftrades: If no one has done it before, I can be the first to do it.

If i have done it before, i can do it again. 

If someone arou…,Wed Sep 10 15:41:47 +0000 2025
1965047002225619322,RT @official_papson: @itsSh0la In conclusion, stop wishing to have someone like Temi. Instead start wishing to level up like Eazi. A lot of…,Mon Sep 08 13:38:08 +0000 2025
1964640219019497719,RT @iHad2GoGetit: date someone who is interested in you. i don't mean someone who thinks you're cute or funny. i mean someone who wants to…,Sun Sep 07 10:41:44 +0000 2025
1963152110553350272,@VetHeartbreak @_screenshoter this,Wed Sep 03 08:08:31 +0000 2025
1959543300081226102,RT @feyiszn: I love that part when God sends you cute subtle reminders that He’s still in control over your life. 🙏🏽🤍,Sun Aug 24 09:08:23 +0000 2025
1959319622819119132,@WelBeast @GetVidBot,Sat Aug 23 18:19:35 +0000 2025
1959309311286386730,RT @Babablueh: Bruh Eze walked out with a smile of fulfilment on his face 😭
They played “let it all work out”, he smiled again and pointed…,Sat Aug 23 17:38:36 +0000 2025
1958051329516937467,@ihuomaonyii Congratulations Dr ihuoma,Wed Aug 20 06:19:50 +0000 2025
1956808936973332839,RT @fwtimini: Nobody can ever gaslight me into thinking I’m a bad person. I have my ways and my days, but I’m solid, and my love is real an…,Sat Aug 16 20:03:00 +0000 2025
1955168554791182636,RT @Dwriteway: First you’re the weird guy.

Then you become the blueprint.,Tue Aug 12 07:24:43 +0000 2025
1952752760618700836,RT @Mareh3mu: Can't be out here trying to convince women I'm worth talking to or giving a shot haha. I already struggle with that when it c…,Tue Aug 05 15:25:13 +0000 2025
1949228082201526506,@chameleon_fr Statistics,Sat Jul 26 21:59:24 +0000 2025
1946864966063317390,RT @bluewmist: the minute you decide you want better for yourself is the minute the entire universe begins to shift in your favor. your com…,Sun Jul 20 09:29:13 +0000 2025
1944383357086797937,RT @livewithnoregrt: ima very observant person. so if you think i didn’t notice i did.,Sun Jul 13 13:08:11 +0000 2025
1943697686722379859,@FabrizioRomano @grok why,Fri Jul 11 15:43:35 +0000 2025
1920040857681428986,RT @Mrpossidez: If you followed a lion all day long and witnessed the lion’s struggle for life, to eat, and at the end of the day the lion…,Wed May 07 08:59:47 +0000 2025
1919681871392158051,@Wizarab10 @_screenshoter this,Tue May 06 09:13:18 +0000 2025
1917131937736515964,@Arsenal COYG❤️❤️❤️❤️❤️❤️❤️❤️❤️❤️❤️❤️,Tue Apr 29 08:20:47 +0000 2025
1917130215341625738,I have been chasing something for a while. I finally got it, but once I did, it wasn't as big a deal as I thought it was.
Now I’m wondering, if I go after the next thing and finally get it too, will I just end up realising I was happier during the chase?,Tue Apr 29 08:13:56 +0000 2025
1898708906404151445,@OurFavOnlineDoc @simplymercy143,Sun Mar 09 12:14:14 +0000 2025
1897044868809285689,@timidakolo all dis goals would have been useful against west ham and Nottingham forest ..unto the next,Tue Mar 04 22:01:56 +0000 2025
1893950150977941981,Other times, it takes longer than I thought. But I know when I finally reach the end, I won’t be just a pawn anymore.

I’ll be something greater.,Mon Feb 24 09:04:38 +0000 2025
1893950148293628072,I feel like a pawn in chess. Small, not the strongest, just moving one step at a time. I don’t have the power of a queen or the importance of a king, but I keep going.

I’m so close to the other side of the board. Sometimes, it feels like I’ll get there soon.,Mon Feb 24 09:04:37 +0000 2025
1893202650637779106,@itz_arbdul Ok oh,Sat Feb 22 07:34:20 +0000 2025
1892853444370677789,RT @ehisssss: N995k away from being a millionaire… help me Lord 🙏🏾🧎🏾‍♂️,Fri Feb 21 08:26:43 +0000 2025
1887870432071532697,@cryptobeastreal .,Fri Feb 07 14:26:00 +0000 2025
1886129111812251981,@temiogundare1 happy birthday,Sun Feb 02 19:06:37 +0000 2025
1885997571799134369,@afcstuff @SkySportsPL @TweetHelperBot  download this,Sun Feb 02 10:23:55 +0000 2025
1885963420115091517,RT @iamklausenburg: on twitter, you will always find someone who is tweeting your thoughts but with better grammar.

And all you gotta do i…,Sun Feb 02 08:08:13 +0000 2025
1883556915999068554,RT @DearS_o_n: Nothing kills a man faster than the weight of his own thoughts. Son, stay calm. Please don't stress over things that are out…,Sun Jan 26 16:45:38 +0000 2025
1883556831940993514,RT @dr_sumit_sharma: As I grew older, I realized most of my success came when I focused on improving myself rather than proving myself. 

G…,Sun Jan 26 16:45:18 +0000 2025
1881981702165438544,Perseverance makes the eventual wins even more meaningful—not just for me, but for everyone who’s been part of the journey and seen the hurdles I’ve overcome.,Wed Jan 22 08:26:17 +0000 2025
1881981698965139666,For me, sharing my struggles is about connection and authenticity. It’s a way to let others know they’re not alone in their battles. Growth often comes from the hard times, and I want to inspire and motivate anyone who might be feeling stuck or defeated.,Wed Jan 22 08:26:17 +0000 2025
1881981695253196923,I believe in showing the full picture, not just the polished results. Too often, people focus only on showcasing their achievements, sometimes even exaggerating or fabricating success to impress others, while hiding the struggles that shaped them.,Wed Jan 22 08:26:16 +0000 2025
1881981692044546448,I make it a point to share both my highs and lows on my WhatsApp because life is never just about the wins—it’s about the journey, with all its challenges and setbacks. I have come to understand that people love victories, but they don’t see the battles that come with them.,Wed Jan 22 08:26:15 +0000 2025
1879649178466554047,@UTDTrey @TweetHelperBot download,Wed Jan 15 21:57:40 +0000 2025
1879648801977471316,@UTDTrey @TweetHelperBot  download this,Wed Jan 15 21:56:11 +0000 2025
1860957642362941686,What does it truly mean to be a gentleman? How would you define it? 🤔🤔🤔🤔,Mon Nov 25 08:04:11 +0000 2024
1859843174132552148,@Naija_PR Football field,Fri Nov 22 06:15:41 +0000 2024
1855637890035802555,@peng_writer u're a curious &amp; introspective individual wit a touch of humor.u question assumptions,and seek growth.u value authenticity,empathy,and self-awareness.With a hint of playfulness,u navigate complex ideas &amp; everyday life.ur openness nd willingness 2 learn create a contagious energy.,Sun Nov 10 15:45:23 +0000 2024
1855149312017088642,@jiggyjiggaa @TweetHelperBot  download this,Sat Nov 09 07:23:57 +0000 2024
1846071279259877407,@cowrywise Frontend team,Tue Oct 15 06:11:05 +0000 2024
1842512784463970318,@vimoustim @TweetHelperBot  download,Sat Oct 05 10:30:54 +0000 2024
1837794557817135515,RT @CBP: Take control of national security and your career with USBP. Join us at the Space City Hiring Event to meet our recruiters &amp; learn…,Sun Sep 22 10:02:21 +0000 2024
1831597898506653974,The reason we don't see our progress sometimes is that we evaluate ourself by other people's growth. 
Be kind to yourself, and learn to  trust your journey,Thu Sep 05 07:39:03 +0000 2024
1831596293321289923,@__Inyene Happy birthday 🎉🎉🎉🎉,Thu Sep 05 07:32:40 +0000 2024
1831279494587387982,@inigeorge0 Happy birthday dear 🎉🎉🎉,Wed Sep 04 10:33:49 +0000 2024
1830483175476199776,@BubeAjike Happy birthday 🎉,Mon Sep 02 05:49:32 +0000 2024
1830481595549008242,@mzluminary Happy birthday 🎉🎉,Mon Sep 02 05:43:15 +0000 2024
1805571877777166758,@Sxmto_ @_screenshoter  screenshot this,Tue Jun 25 12:00:56 +0000 2024
1803827593013063942,@Jayysen_ 30 + 48 =  78
78 + 7 = 85,Thu Jun 20 16:29:46 +0000 2024
1803826993802145874,@Kecyy Qatar , hamad international airport , IATA code:DOH,Thu Jun 20 16:27:23 +0000 2024
1799193367953190950,@zoey_thefirst https://t.co/pxtC7GrCji,Fri Jun 07 21:35:00 +0000 2024
1799189794154549488,@PaulOBTC https://t.co/pxtC7GrCji,Fri Jun 07 21:20:48 +0000 2024
1799189069798510982,@toria_dickson @blumcrypto https://t.co/pxtC7Gsa8Q,Fri Jun 07 21:17:56 +0000 2024
1799189010100981907,@offshoda https://t.co/pxtC7Gsa8Q,Fri Jun 07 21:17:41 +0000 2024
1799188827061313732,@BrawnCrypto_eth https://t.co/pxtC7GrCji,Fri Jun 07 21:16:58 +0000 2024
1799188765984100811,@BrawnCrypto_eth https://t.co/pxtC7Gsa8Q,Fri Jun 07 21:16:43 +0000 2024
1798124102114500950,@midrizzy1 @Techriztm @CommyofPhc @DrPeey @Marresecira .,Tue Jun 04 22:46:08 +0000 2024
1791376504397451753,@Real_Trofy kaka,Fri May 17 07:53:35 +0000 2024
1790368222690115908,@BrodaRemi @benitzn01 😏,Tue May 14 13:07:02 +0000 2024
1790278261173264509,@Ennyy_1 😊😊  you are the only prescription I need for today,Tue May 14 07:09:33 +0000 2024
1790039557825507610,RT @iamKierraD: At this point, I only have the capacity to be around like minded individuals who are truly working towards bettering themse…,Mon May 13 15:21:02 +0000 2024
1789772470385312166,@FemaleIgwe Efe irele,Sun May 12 21:39:43 +0000 2024
1789715729199022316,@adarsholar1 Relay
Early
Later
Year
Real
Ale
Aye,Sun May 12 17:54:15 +0000 2024
1788606104210993635,@olasande01 chess and scrabble,Thu May 09 16:25:00 +0000 2024
1788594284297384424,@Tobiforex_ @TweetHelperBot  download this,Thu May 09 15:38:02 +0000 2024
1786463186197045342,@_peekaaboo_ @_screenshoter dark,Fri May 03 18:29:49 +0000 2024
1785923706365087912,@bod_republic @_screenshoter dark,Thu May 02 06:46:07 +0000 2024
1785923118021697750,@Debbiepaul002 @_screenshoter dark,Thu May 02 06:43:46 +0000 2024
1785759631576314308,@DanielRegha Probably me always hoarding my feelings,Wed May 01 19:54:08 +0000 2024
1784624907118133562,@adaezennaji_ @_screenshoter dark,Sun Apr 28 16:45:09 +0000 2024
1784561522154274901,@0x1_Tee Dere is no question here,Sun Apr 28 12:33:17 +0000 2024
1782061005872206220,@tobyasky @TweetHelperBot  download this,Sun Apr 21 14:57:07 +0000 2024
1780547712569483656,RT @AlexJayeSINGER: You can tell when God is trying to get your attention. A lot in your life stop adding up. money get slow, relationships…,Wed Apr 17 10:43:50 +0000 2024
1779210985603235880,RT @feyiszn: i love the idea of building with someone. You’re both young, not exactly where you want to be, but on the way. Then y’all can…,Sat Apr 13 18:12:09 +0000 2024
1778841837739954506,RT @beyoond_starz: @master_nobody Introverts are silent lovers. You'll not even come to know what n how much they feel for U. Their actions…,Fri Apr 12 17:45:18 +0000 2024
1777663878765085010,@nelsonhands20 @TweetHelperBot  download this,Tue Apr 09 11:44:30 +0000 2024
1775634542105174319,@iamAbiodunAA @OmoAdigun_ Show me foden's England best player of the year award,Wed Apr 03 21:20:39 +0000 2024
1775148153336975466,RT @master_nobody: Introverts are attracted to intelligence. Not looks. Not titles. Not the zeroes in your bank. Show them your heart. Your…,Tue Apr 02 13:07:55 +0000 2024
1768594843867951151,@ChampionsLeague Arsenal vs Real Madrid,Fri Mar 15 11:07:24 +0000 2024
1766867263288721781,RT @ulxma: It is the ‘childish,’ corny and mundane things that keep you sane and happy as you grow older. Seriousness is overrated. Keep yo…,Sun Mar 10 16:42:37 +0000 2024
1766559915877761104,@SkySportsPL @TweetHelperBot download this,Sat Mar 09 20:21:19 +0000 2024
1766358251103199516,@DukeDarls @TweetHelperBot screenshot this,Sat Mar 09 06:59:59 +0000 2024
1766181307204149526,@lazarusfemi2 @TweetHelperBot  download this,Fri Mar 08 19:16:52 +0000 2024
1761850999826714813,RT @wealth_director: Bamboo is the fastest-growing plant in the world. It grows 1.5 inches per hour!

At least, that's what we see from our…,Sun Feb 25 20:29:46 +0000 2024
1761680641878323640,@Bod_repuplic Switch off my phone,Sun Feb 25 09:12:50 +0000 2024
1750237593701130476,@bukola_beckley 141,Wed Jan 24 19:22:14 +0000 2024
1749314996687757705,@MTforChange Amen,Mon Jan 22 06:16:10 +0000 2024
1745751424498012569,That feeling u get wen you're working on a task or project, but you're not entirely sure what you're doing or how to do it. 😭
But somehow, you're still making progress and getting things done.
 It's a bit like blindly stumbling through a maze, but still making it to the exit.,Fri Jan 12 10:15:48 +0000 2024
1730906947673624684,@DevTobs @MysPheet  @olatubora_felix @Peazzycole1 
Thank you very much,Sat Dec 02 11:09:09 +0000 2023
1717614229941